model,status,tf,ts,gap,outer_iterations,solve_time_total,max_r_dynamics_residual,max_vbar_dynamics_residual,delta_tf_from_formal,message
formal_N_minus_1_control,Solved,5.25405918034542,27.6051378736844,3.112401003591e-09,1,4.004009,5.92224602816203e-11,1.1463287943584e-14,0,
diagnostic_N_control,Solved,5.25405919473577,27.6051380379823,1.6194825036564e-08,1,4.2088141,3.03759684084733e-10,7.32410687763558e-15,1.4390348468396e-08,
